date_range,brand,units_sold,sales_exgst,product_cost,product_margin
29/06/2020,Nexgard Spectra,1880,132830.696,"$123,367.92","$9,462.78"
29/06/2020,Advocate,740,41826.664,"$34,784.15","$7,042.51"
29/06/2020,Bravecto,615,32353.048,"$23,208.49","$9,144.56"
29/06/2020,NexGard,305,17100.64,"$13,433.23","$3,667.41"
29/06/2020,Sentinel,181,13759.08,"$11,166.02","$2,593.06"
29/06/2020,Revolution,270,13022.616,"$9,443.08","$3,579.54"
29/06/2020,Milbemax,424,6892.088,"$5,021.07","$1,871.02"
29/06/2020,Interceptor,143,5815.84,"$4,960.40",$855.44
29/06/2020,Drontal,248,5193.536,"$3,957.88","$1,235.66"
29/06/2020,Comfortis Plus,73,5001.72,"$4,277.76",$723.96
29/06/2020,The Big 5,61,4121.008,"$3,460.35",$660.66
29/06/2020,Simparica,114,4069.504,"$3,097.75",$971.76
29/06/2020,Revolution Plus,81,3769.632,"$2,712.06","$1,057.57"
29/06/2020,Advantage,71,3410.584,"$2,726.95",$683.63
29/06/2020,Frontline,57,2568.168,"$1,880.87",$687.30
29/06/2020,Heartgard,78,2225.584,"$2,057.97",$167.62
29/06/2020,Seresto,69,1928.288,"$1,579.44",$348.84
29/06/2020,Comfortis,42,1843.152,"$1,516.47",$326.68
29/06/2020,Paragard,97,1415.184,"$1,062.81",$352.37
29/06/2020,Advantix,27,1231.96,$977.78,$254.18
29/06/2020,Profender,48,793.928,$491.64,$302.29
29/06/2020,Aristopet,59,587.696,$446.88,$140.82
29/06/2020,Ranvet,6,514.912,$437.51,$77.40
29/06/2020,Cazitel,27,488.288,$296.67,$191.62
29/06/2020,Fidos,18,414.048,$243.11,$170.94
29/06/2020,Activyl,8,370.04,$324.11,$45.94
29/06/2020,Endogard,26,353.88,$251.86,$102.03
29/06/2020,Valuheart,34,296,$251.67,$44.33
29/06/2020,Nuheart,14,197.584,$150.22,$47.36
29/06/2020,kiltix,14,170.952,$121.50,$49.45
29/06/2020,Capstar,7,125.544,$91.39,$34.15
29/06/2020,Troy,7,71.224,$30.70,$40.52
29/06/2020,Canimax,3,64.624,$49.16,$15.46
29/06/2020,Omega Magic,3,38.288,$32.54,$5.75
29/06/2020,Tick Twister,3,19.64,$16.70,$2.94
29/06/2020,Amazonia,1,13.456,$8.29,$5.17
06/07/2020,Nexgard Spectra,2336,163353.536,"$149,398.24","$13,955.29"
06/07/2020,Advocate,1062,62301.048,"$50,652.83","$11,648.22"
06/07/2020,Bravecto,911,46919.656,"$33,230.78","$13,688.87"
06/07/2020,NexGard,451,25443.568,"$19,899.68","$5,543.89"
06/07/2020,Revolution,409,20102.888,"$14,355.11","$5,747.77"
06/07/2020,Sentinel,230,18068.232,"$14,348.69","$3,719.54"
06/07/2020,Milbemax,531,10027.728,"$7,109.88","$2,917.85"
06/07/2020,Comfortis Plus,102,7937.48,"$6,834.90","$1,102.58"
06/07/2020,Drontal,320,7302.392,"$5,607.72","$1,694.67"
06/07/2020,Interceptor,185,7188.824,"$6,127.20","$1,061.62"
06/07/2020,Simparica,127,5307,"$3,948.58","$1,358.42"
06/07/2020,The Big 5,74,5086.008,"$4,266.64",$819.37
06/07/2020,Revolution Plus,107,5028.888,"$3,571.68","$1,457.21"
06/07/2020,Advantage,107,4806.144,"$3,833.69",$972.46
06/07/2020,Frontline,97,4612.528,"$3,245.77","$1,366.76"
06/07/2020,Comfortis,59,2848.4,"$2,401.55",$446.85
06/07/2020,Heartgard,97,2744.688,"$2,542.85",$201.84
06/07/2020,Seresto,95,2671.608,"$2,174.60",$497.01
06/07/2020,Paragard,148,2123,"$1,592.37",$530.63
06/07/2020,Advantix,42,1850.536,"$1,469.28",$381.26
06/07/2020,Profender,92,1529.152,$942.31,$586.84
06/07/2020,Aristopet,116,1080.2,$821.81,$258.39
06/07/2020,Ranvet,12,1035.464,$879.91,$155.55
06/07/2020,Cazitel,44,805.952,$490.70,$315.26
06/07/2020,Endogard,39,533.64,$402.34,$131.30
06/07/2020,Activyl,10,462.144,$406.64,$55.50
06/07/2020,Fidos,13,410.92,$227.09,$183.83
06/07/2020,Valuheart,43,374.024,$317.92,$56.11
06/07/2020,kiltix,24,293.064,$208.28,$84.78
06/07/2020,Troy,17,172.968,$74.56,$98.41
06/07/2020,Omega Magic,10,135.88,$108.46,$27.42
06/07/2020,Nuheart,10,135.368,$102.07,$33.30
06/07/2020,Capstar,7,125.544,$91.39,$34.15
06/07/2020,Canimax,4,86.168,$65.55,$20.62
06/07/2020,Amazonia,4,53.816,$33.15,$20.67
06/07/2020,Tick Twister,4,26.184,$22.27,$3.91
13/07/2020,Nexgard Spectra,2728,192504.608,"$172,123.33","$20,381.28"
13/07/2020,Advocate,1277,75670.456,"$60,886.92","$14,783.54"
13/07/2020,Bravecto,1104,59749.44,"$42,163.83","$17,585.62"
13/07/2020,NexGard,515,29090.736,"$22,940.46","$6,150.27"
13/07/2020,Revolution,479,23845.992,"$17,047.23","$6,798.77"
13/07/2020,Sentinel,300,21052.976,"$17,126.98","$3,925.99"
13/07/2020,Milbemax,653,11773.48,"$8,852.28","$2,921.20"
13/07/2020,Drontal,395,8508.84,"$6,624.73","$1,884.11"
13/07/2020,Interceptor,204,8179.76,"$6,964.88","$1,214.88"
13/07/2020,Comfortis Plus,97,7044.56,"$6,035.94","$1,008.63"
13/07/2020,The Big 5,96,6451.664,"$5,413.96","$1,037.71"
13/07/2020,Simparica,162,6235.592,"$4,691.95","$1,543.64"
13/07/2020,Advantage,139,6219.128,"$4,984.63","$1,234.50"
13/07/2020,Revolution Plus,102,4742.656,"$3,398.60","$1,344.06"
13/07/2020,Seresto,171,4610.576,"$3,914.28",$696.30
13/07/2020,Frontline,98,4277.56,"$3,198.12","$1,079.44"
13/07/2020,Heartgard,128,3590.48,"$3,327.15",$263.33
13/07/2020,Comfortis,64,2818.44,"$2,344.54",$473.90
13/07/2020,Advantix,56,2511.016,"$1,993.61",$517.41
13/07/2020,Paragard,151,2149.632,"$1,616.75",$532.88
13/07/2020,Profender,117,1957.032,"$1,198.37",$758.66
13/07/2020,Ranvet,17,1389.32,"$1,180.59",$208.73
13/07/2020,Aristopet,112,1071.52,$813.23,$258.29
13/07/2020,Endogard,65,902.104,$675.38,$226.72
13/07/2020,Cazitel,46,852.2,$522.33,$329.87
13/07/2020,Fidos,32,818.352,$442.54,$375.81
13/07/2020,Activyl,15,705.6,$617.99,$87.61
13/07/2020,Valuheart,66,576.696,$490.29,$86.41
13/07/2020,kiltix,29,354.12,$251.68,$102.44
13/07/2020,Omega Magic,24,333.816,$260.30,$73.51
13/07/2020,Capstar,16,286.952,$208.90,$78.06
13/07/2020,Troy,21,213.52,$92.11,$121.41
13/07/2020,Canimax,5,107.712,$81.94,$25.77
13/07/2020,Nuheart,5,66.304,$49.77,$16.54
13/07/2020,Tick Twister,9,58.912,$50.11,$8.80
20/07/2020,Nexgard Spectra,2548,177410.104,"$130,327.85","$47,082.26"
20/07/2020,Advocate,1064,61073.368,"$49,735.80","$11,337.57"
20/07/2020,Bravecto,863,46513.928,"$34,091.87","$12,422.06"
20/07/2020,NexGard,455,25415.904,"$20,088.00","$5,327.91"
20/07/2020,Sentinel,291,21903.752,"$18,111.60","$3,792.16"
20/07/2020,Revolution,429,21648.264,"$15,858.18","$5,790.09"
20/07/2020,Milbemax,585,9552.352,"$7,735.15","$1,817.20"
20/07/2020,Drontal,419,9086.16,"$6,966.23","$2,119.93"
20/07/2020,Interceptor,170,6901.464,"$5,847.64","$1,053.82"
20/07/2020,Revolution Plus,140,6413.872,"$4,703.48","$1,710.40"
20/07/2020,Comfortis Plus,84,6280.296,"$5,385.45",$894.85
20/07/2020,The Big 5,94,6278.2,"$5,198.41","$1,079.79"
20/07/2020,Simparica,147,5666.12,"$4,350.90","$1,315.22"
20/07/2020,Frontline,95,3844.92,"$3,000.94",$843.98
20/07/2020,Advantage,73,3149.568,"$2,522.72",$626.84
20/07/2020,Heartgard,106,3108.648,"$2,795.70",$312.95
20/07/2020,Comfortis,52,2763.448,"$2,204.76",$558.68
20/07/2020,Advantix,49,2301.368,"$1,826.62",$474.75
20/07/2020,Seresto,82,2251.448,"$1,877.02",$374.43
20/07/2020,Paragard,144,2029.792,"$1,525.61",$504.18
20/07/2020,Profender,104,1721.656,"$1,065.22",$656.44
20/07/2020,Bravecto Plus,63,1371.032,$918.38,$452.65
20/07/2020,Ranvet,15,1195.168,"$1,015.57",$179.60
20/07/2020,Aristopet,106,1029.88,$780.73,$249.16
20/07/2020,Endogard,44,979.512,$768.85,$210.66
20/07/2020,Activyl,18,824.144,$718.89,$105.26
20/07/2020,Cazitel,38,688.592,$430.68,$257.91
20/07/2020,Fidos,16,414.776,$227.34,$187.44
20/07/2020,kiltix,33,402.52,$286.39,$116.13
20/07/2020,Valuheart,34,310.84,$264.24,$46.60
20/07/2020,Capstar,12,215.216,$156.67,$58.54
20/07/2020,Omega Magic,10,133.136,$108.46,$24.68
20/07/2020,Canimax,6,129.248,$98.33,$30.92
20/07/2020,Nuheart,8,110.728,$83.64,$27.09
20/07/2020,Troy,8,81.336,$35.09,$46.25
20/07/2020,Amazonia,5,67.272,$41.44,$25.83
20/07/2020,Tick Twister,1,6.544,$5.57,$0.98
27/07/2020,Nexgard Spectra,3344,229467.688,"$169,589.16","$59,878.53"
27/07/2020,Advocate,1401,77435.808,"$64,069.75","$13,366.06"
27/07/2020,Bravecto,1030,56421.816,"$44,859.48","$11,562.34"
27/07/2020,NexGard,455,25033.048,"$20,131.13","$4,901.92"
27/07/2020,Revolution,467,23826.968,"$17,490.60","$6,336.37"
27/07/2020,Sentinel,309,22049.824,"$18,133.41","$3,916.42"
27/07/2020,Milbemax,711,10172.256,"$9,105.91","$1,066.35"
27/07/2020,Drontal,450,9706.568,"$7,536.66","$2,169.91"
27/07/2020,Comfortis Plus,123,9213.896,"$7,919.84","$1,294.06"
27/07/2020,Interceptor,221,9077.136,"$7,734.80","$1,342.33"
27/07/2020,Revolution Plus,167,7903.816,"$5,956.21","$1,947.61"
27/07/2020,Simparica,146,5897.008,"$4,440.46","$1,456.55"
27/07/2020,The Big 5,75,5313.512,"$4,281.50","$1,032.01"
27/07/2020,Comfortis,73,4157.944,"$3,278.55",$879.39
27/07/2020,Frontline,107,4146.736,"$3,228.22",$918.51
27/07/2020,Advantage,85,3707.152,"$2,962.87",$744.28
27/07/2020,Advantix,71,3136.168,"$2,587.88",$548.29
27/07/2020,Seresto,98,3081.536,"$2,243.27",$838.27
27/07/2020,Heartgard,86,2554.304,"$2,259.01",$295.29
27/07/2020,Paragard,121,1780.224,"$1,342.12",$438.11
27/07/2020,Profender,96,1605.904,$983.28,$622.62
27/07/2020,Aristopet,128,1246.92,$946.70,$300.22
27/07/2020,Cazitel,59,1090.176,$684.50,$405.68
27/07/2020,Ranvet,13,947.576,$805.24,$142.34
27/07/2020,Bravecto Plus,49,942.224,$714.30,$227.93
27/07/2020,Endogard,50,677.384,$508.49,$168.90
27/07/2020,Fidos,28,676.16,$366.40,$309.76
27/07/2020,Activyl,14,634.76,$555.99,$78.78
27/07/2020,Valuheart,65,578.648,$491.94,$86.71
27/07/2020,Capstar,14,244.48,$182.78,$61.70
27/07/2020,kiltix,18,217.832,$156.21,$61.62
27/07/2020,Nuheart,15,214.256,$164.70,$49.55
27/07/2020,Troy,14,142.344,$61.40,$80.94
27/07/2020,Omega Magic,9,131.368,$97.61,$33.75
27/07/2020,Canimax,4,86.168,$65.55,$20.62
27/07/2020,Tick Twister,6,55.464,$33.41,$22.06
03/08/2020,Nexgard Spectra,3223,225753.744,"$167,342.38","$58,411.36"
03/08/2020,Advocate,1361,78821.696,"$65,467.60","$13,354.09"
03/08/2020,Bravecto,1207,58314.56,"$48,879.10","$9,435.46"
03/08/2020,Sentinel,322,24085.16,"$19,937.88","$4,147.28"
03/08/2020,Revolution,475,23734.496,"$17,383.60","$6,350.90"
03/08/2020,NexGard,419,23178.704,"$18,467.40","$4,711.31"
03/08/2020,Milbemax,710,11082.304,"$9,462.63","$1,619.67"
03/08/2020,Interceptor,242,10020,"$8,544.32","$1,475.68"
03/08/2020,Drontal,450,9667.216,"$7,351.65","$2,315.57"
03/08/2020,Comfortis Plus,102,7372.576,"$6,331.85","$1,040.72"
03/08/2020,Simparica,210,7322.024,"$5,416.64","$1,905.38"
03/08/2020,Revolution Plus,132,6210.456,"$4,577.07","$1,633.38"
03/08/2020,Advantage,112,5248.032,"$4,185.25","$1,062.79"
03/08/2020,The Big 5,75,5206,"$4,364.71",$841.29
03/08/2020,Frontline,106,4240.72,"$3,299.81",$940.91
03/08/2020,Comfortis,76,3866.392,"$3,006.48",$859.92
03/08/2020,Advantix,78,3454.36,"$2,900.61",$553.75
03/08/2020,Seresto,88,2838.768,"$2,014.36",$824.40
03/08/2020,Heartgard,94,2761.336,"$2,466.28",$295.06
03/08/2020,Paragard,165,2459.536,"$1,799.15",$660.38
03/08/2020,Profender,104,1700.744,"$1,065.22",$635.52
03/08/2020,Bravecto Plus,82,1576.784,"$1,195.36",$381.43
03/08/2020,Aristopet,129,1289.184,$979.03,$310.15
03/08/2020,Activyl,22,993.384,$870.10,$123.28
03/08/2020,Ranvet,12,879.968,$747.75,$132.21
03/08/2020,Valuheart,68,600.12,$510.14,$89.98
03/08/2020,Cazitel,31,554.728,$346.47,$208.26
03/08/2020,Fidos,22,522.08,$290.73,$231.35
03/08/2020,Endogard,37,495.472,$367.87,$127.60
03/08/2020,kiltix,26,315.08,$225.64,$89.44
03/08/2020,Nuheart,20,275.856,$210.77,$65.08
03/08/2020,Capstar,12,215.216,$156.67,$58.54
03/08/2020,Troy,21,213.512,$92.11,$121.41
03/08/2020,Omega Magic,15,207.952,$162.69,$45.26
03/08/2020,Amazonia,4,53.816,$33.15,$20.67
03/08/2020,Canimax,1,21.544,$16.39,$5.16
03/08/2020,Tick Twister,3,19.64,$16.70,$2.94
10/08/2020,Nexgard Spectra,3607,249708.264,"$185,268.13","$64,440.14"
10/08/2020,Bravecto,1211,64781.56,"$51,905.27","$12,876.29"
10/08/2020,Advocate,1144,63089.504,"$51,543.18","$11,546.33"
10/08/2020,Revolution,516,25837.456,"$18,925.20","$6,912.26"
10/08/2020,NexGard,423,23520.136,"$18,605.34","$4,914.79"
10/08/2020,Sentinel,297,21419.032,"$16,736.01","$4,683.03"
10/08/2020,Milbemax,753,11716.776,"$9,503.90","$2,212.88"
10/08/2020,Drontal,486,11363.816,"$8,682.86","$2,680.96"
10/08/2020,Revolution Plus,172,8072.32,"$5,981.98","$2,090.34"
10/08/2020,Interceptor,183,7246.232,"$5,903.46","$1,342.77"
10/08/2020,The Big 5,106,6823.96,"$5,486.87","$1,337.09"
10/08/2020,Comfortis Plus,86,6644.52,"$5,466.67","$1,177.85"
10/08/2020,Simparica,164,6608.032,"$4,883.17","$1,724.87"
10/08/2020,Frontline,130,5217.264,"$4,068.68","$1,148.59"
10/08/2020,Advantage,110,4992.136,"$3,963.29","$1,028.85"
10/08/2020,Seresto,109,3512.104,"$2,495.06","$1,017.04"
10/08/2020,Comfortis,63,3240.656,"$2,481.11",$759.55
10/08/2020,Advantix,67,2994.04,"$2,518.21",$475.83
10/08/2020,Heartgard,78,2398.68,"$2,051.13",$347.55
10/08/2020,Paragard,150,2253.4,"$1,631.49",$621.91
10/08/2020,Ranvet,19,1683.376,"$1,430.47",$252.91
10/08/2020,Bravecto Plus,87,1672.928,"$1,268.24",$404.69
10/08/2020,Profender,99,1590.368,"$1,014.01",$576.36
10/08/2020,Aristopet,107,1075.656,$828.54,$247.12
10/08/2020,Cazitel,52,951.944,$596.80,$355.14
10/08/2020,Endogard,54,742.576,$548.71,$193.87
10/08/2020,Activyl,16,721.528,$631.89,$89.64
10/08/2020,Valuheart,83,719.768,$611.88,$107.89
10/08/2020,Fidos,29,687.224,$407.79,$279.44
10/08/2020,kiltix,19,231.568,$164.89,$66.68
10/08/2020,Nuheart,12,168.264,$128.10,$40.17
10/08/2020,Capstar,9,161.408,$112.81,$48.60
10/08/2020,Troy,9,91.504,$39.47,$52.03
10/08/2020,Tick Twister,9,58.912,$50.11,$8.80
10/08/2020,Omega Magic,4,56.552,$43.38,$13.17
10/08/2020,Canimax,2,44.424,$32.78,$11.65
10/08/2020,Amazonia,2,26.912,$16.58,$10.34
17/08/2020,Nexgard Spectra,3578,249962.336,"$186,802.04","$63,160.29"
17/08/2020,Bravecto,1130,61035.168,"$47,148.96","$13,886.21"
17/08/2020,Advocate,897,52471.816,"$42,719.34","$9,752.47"
17/08/2020,Revolution,523,25708.376,"$18,842.64","$6,865.74"
17/08/2020,NexGard,465,25606.6,"$20,550.31","$5,056.29"
17/08/2020,Sentinel,282,21044.344,"$16,560.44","$4,483.90"
17/08/2020,Milbemax,640,10168.96,"$7,674.64","$2,494.32"
17/08/2020,Revolution Plus,200,9517.696,"$7,162.58","$2,355.11"
17/08/2020,Interceptor,203,8656.12,"$7,046.48","$1,609.64"
17/08/2020,The Big 5,113,7695.904,"$6,167.86","$1,528.04"
17/08/2020,Simparica,159,6888.32,"$5,056.62","$1,831.70"
17/08/2020,Drontal,286,5637.088,"$4,235.71","$1,401.38"
17/08/2020,Comfortis Plus,70,5231.312,"$4,211.76","$1,019.55"
17/08/2020,Frontline,107,4486.512,"$3,488.83",$997.68
17/08/2020,Advantage,96,4021.712,"$3,197.23",$824.48
17/08/2020,Comfortis,69,3369.808,"$2,716.74",$653.06
17/08/2020,Advantix,63,2808.92,"$2,361.26",$447.66
17/08/2020,Seresto,82,2650.24,"$1,877.02",$773.22
17/08/2020,Heartgard,77,2439.48,"$2,053.54",$385.94
17/08/2020,Paragard,159,2131.752,"$1,731.02",$400.74
17/08/2020,Ranvet,21,1778.88,"$1,511.70",$267.18
17/08/2020,Profender,98,1571.288,"$1,003.77",$567.52
17/08/2020,Bravecto Plus,79,1519.096,"$1,151.62",$367.47
17/08/2020,Aristopet,97,905.016,$712.99,$192.03
17/08/2020,Cazitel,45,765.096,$528.23,$236.86
17/08/2020,Endogard,53,725.48,$544.70,$180.78
17/08/2020,Valuheart,75,675.92,$574.66,$101.26
17/08/2020,Activyl,10,471.416,$409.96,$61.46
17/08/2020,Capstar,20,358.688,$249.39,$109.30
17/08/2020,kiltix,26,321.712,$225.64,$96.07
17/08/2020,Fidos,10,291.88,$173.00,$118.88
17/08/2020,Omega Magic,13,185.168,$141.00,$44.17
17/08/2020,Canimax,6,133.68,$98.33,$35.35
17/08/2020,Troy,13,132.176,$57.02,$75.16
17/08/2020,Nuheart,9,125.8,$95.39,$30.41
17/08/2020,Tick Twister,15,98.184,$83.51,$14.67
17/08/2020,Amazonia,4,53.816,$33.15,$20.67
24/08/2020,Nexgard Spectra,4055,271763.072,"$205,177.47","$66,585.60"
24/08/2020,Advocate,1463,81911.768,"$67,528.44","$14,383.33"
24/08/2020,Bravecto,1457,79090.976,"$61,441.60","$17,649.37"
24/08/2020,Sentinel,520,33966.592,"$26,826.77","$7,139.82"
24/08/2020,Revolution,603,29389.648,"$22,221.13","$7,168.51"
24/08/2020,NexGard,596,28876.912,"$25,838.73","$3,038.19"
24/08/2020,Milbemax,872,15240.584,"$11,190.92","$4,049.66"
24/08/2020,Interceptor,293,11580.04,"$9,623.36","$1,956.68"
24/08/2020,Drontal,493,10493.88,"$8,267.36","$2,226.53"
24/08/2020,Revolution Plus,225,10181.264,"$7,797.06","$2,384.21"
24/08/2020,Simparica,204,8342.664,"$6,158.10","$2,184.57"
24/08/2020,The Big 5,125,8286.744,"$6,641.93","$1,644.82"
24/08/2020,Comfortis Plus,84,6702.656,"$5,279.52","$1,423.14"
24/08/2020,Frontline,139,5889.12,"$4,630.39","$1,258.73"
24/08/2020,Advantix,184,5283.664,"$6,861.08","-$1,577.42"
24/08/2020,Seresto,146,4523.8,"$3,342.01","$1,181.79"
24/08/2020,Advantage,91,3798.432,"$3,057.37",$741.07
24/08/2020,Bravecto Plus,177,3415.224,"$2,580.22",$835.01
24/08/2020,Comfortis,68,3042,"$2,490.24",$551.76
24/08/2020,Heartgard,73,2374.704,"$1,984.61",$390.09
24/08/2020,Paragard,168,2265.816,"$1,841.38",$424.44
24/08/2020,Profender,137,2125.728,"$1,403.22",$722.51
24/08/2020,Ranvet,18,1190.664,"$1,011.73",$178.93
24/08/2020,Aristopet,112,1126.192,$882.54,$243.65
24/08/2020,Cazitel,60,1030.064,$678.81,$351.25
24/08/2020,Endogard,55,754.096,$564.30,$189.80
24/08/2020,Activyl,16,745.088,$652.59,$92.50
24/08/2020,Valuheart,62,549.76,$467.38,$82.38
24/08/2020,Fidos,17,374.048,$228.47,$145.58
24/08/2020,kiltix,24,292.008,$208.28,$83.72
24/08/2020,Capstar,10,175.76,$124.70,$51.07
24/08/2020,Nuheart,10,139.904,$105.56,$34.34
24/08/2020,Omega Magic,10,135.88,$108.46,$27.42
24/08/2020,Troy,9,91.504,$39.47,$52.03
24/08/2020,Tick Twister,11,72,$61.24,$10.76
24/08/2020,Canimax,3,68.64,$49.16,$19.48
24/08/2020,Amazonia,1,13.456,$8.29,$5.17
31/08/2020,Nexgard Spectra,3381,223667.056,"$173,175.66","$50,491.40"
31/08/2020,Advocate,1144,66085.272,"$53,880.06","$12,205.21"
31/08/2020,Bravecto,1161,63059.544,"$47,628.82","$15,430.73"
31/08/2020,Sentinel,409,26395.608,"$19,939.78","$6,455.82"
31/08/2020,Revolution,479,23454.184,"$17,182.34","$6,271.84"
31/08/2020,NexGard,424,22472.92,"$14,882.29","$7,590.63"
31/08/2020,Milbemax,680,12027.08,"$8,706.49","$3,320.59"
31/08/2020,Revolution Plus,194,9155.344,"$6,751.57","$2,403.78"
31/08/2020,Interceptor,217,8358.92,"$6,560.28","$1,798.64"
31/08/2020,Drontal,384,7815.304,"$6,359.52","$1,455.78"
31/08/2020,The Big 5,101,7178.904,"$5,567.58","$1,611.33"
31/08/2020,Simparica,159,6418.288,"$4,540.87","$1,877.42"
31/08/2020,Comfortis Plus,87,6135.168,"$4,837.88","$1,297.29"
31/08/2020,Frontline,123,4690.448,"$3,653.69","$1,036.76"
31/08/2020,Seresto,152,4415.92,"$3,479.36",$936.56
31/08/2020,Advantage,87,3590.256,"$2,958.64",$631.62
31/08/2020,Comfortis,75,3307.68,"$2,598.71",$708.97
31/08/2020,Advantix,71,3020.096,"$2,562.17",$457.92
31/08/2020,Heartgard,93,2937.304,"$2,459.20",$478.10
31/08/2020,Bravecto Plus,129,2494.624,"$1,880.50",$614.13
31/08/2020,Paragard,150,2003.48,"$1,638.12",$365.36
31/08/2020,Profender,114,1607.536,"$1,167.65",$439.89
31/08/2020,Ranvet,13,1040.232,$883.94,$156.29
31/08/2020,Endogard,63,853.344,$676.34,$177.01
31/08/2020,Aristopet,77,743,$579.34,$163.66
31/08/2020,Activyl,16,735.056,$642.35,$92.71
31/08/2020,Cazitel,38,684.216,$427.79,$256.43
31/08/2020,Fidos,23,534.944,$326.44,$208.50
31/08/2020,Valuheart,41,365,$310.29,$54.71
31/08/2020,kiltix,23,276,$199.61,$76.39
31/08/2020,Capstar,18,258.28,$214.52,$43.76
31/08/2020,Omega Magic,13,171.424,$141.00,$30.43
31/08/2020,Troy,15,152.512,$65.79,$86.72
31/08/2020,Nuheart,9,119.4,$100.25,$19.15
31/08/2020,Canimax,2,45.76,$32.78,$12.98
31/08/2020,Tick Twister,5,32.728,$27.84,$4.89
07/09/2020,Nexgard Spectra,3112,214142.664,"$139,881.65","$74,261.01"
07/09/2020,Advocate,1207,70606.192,"$57,625.95","$12,980.25"
07/09/2020,Bravecto,1076,58046.576,"$43,546.55","$14,500.02"
07/09/2020,Sentinel,340,21855.416,"$15,869.04","$5,986.38"
07/09/2020,NexGard,396,21442.144,"$13,865.80","$7,576.34"
07/09/2020,Revolution,417,20938.184,"$15,324.44","$5,613.75"
07/09/2020,Milbemax,625,10295.08,"$7,155.13","$3,139.95"
07/09/2020,Drontal,410,8434.904,"$6,650.08","$1,784.83"
07/09/2020,Simparica,174,7138.6,"$5,257.08","$1,881.52"
07/09/2020,Interceptor,173,6912.888,"$5,326.27","$1,586.62"
07/09/2020,Revolution Plus,146,6904.792,"$5,065.46","$1,839.33"
07/09/2020,The Big 5,101,6753.448,"$5,139.01","$1,614.44"
07/09/2020,Comfortis Plus,84,6174.656,"$4,691.41","$1,483.24"
07/09/2020,Frontline,113,4750.328,"$3,649.98","$1,100.35"
07/09/2020,Advantix,89,3961.88,"$3,201.97",$759.91
07/09/2020,Advantage,84,3579.416,"$2,863.45",$715.96
07/09/2020,Comfortis,67,3029.12,"$2,371.97",$657.15
07/09/2020,Bravecto Plus,148,2847,"$2,157.47",$689.53
07/09/2020,Seresto,88,2766.544,"$2,014.36",$752.18
07/09/2020,Heartgard,73,2184.592,"$1,875.65",$308.94
07/09/2020,Paragard,148,2060.84,"$1,581.28",$479.56
07/09/2020,Ranvet,19,1571.4,"$1,335.38",$236.02
07/09/2020,Profender,85,1357.16,$870.61,$486.55
07/09/2020,Endogard,88,1203.776,$896.82,$306.96
07/09/2020,Aristopet,106,1038,$802.77,$235.23
07/09/2020,Activyl,20,917.384,$802.06,$115.32
07/09/2020,Cazitel,38,671.104,$418.23,$252.88
07/09/2020,Fidos,22,601.36,$358.71,$242.65
07/09/2020,Valuheart,46,401.336,$341.19,$60.15
07/09/2020,Nuheart,23,308.768,$255.94,$52.82
07/09/2020,kiltix,24,290.952,$208.28,$82.67
07/09/2020,Capstar,11,193.696,$130.34,$63.36
07/09/2020,Omega Magic,13,190.672,$141.00,$49.67
07/09/2020,Troy,12,122.008,$52.63,$69.38
07/09/2020,Canimax,5,114.4,$81.94,$32.46
07/09/2020,Milpro,5,86,$97.58,-$11.58
07/09/2020,Tick Twister,12,78.544,$66.81,$11.73
07/09/2020,Amazonia,2,26.912,$16.58,$10.34
14/09/2020,Nexgard Spectra,3638,243458.36,"$148,883.88","$94,574.48"
14/09/2020,Advocate,1280,76990.736,"$62,856.69","$14,134.04"
14/09/2020,Bravecto,1106,61026.36,"$45,731.11","$15,295.26"
14/09/2020,Revolution,705,30748.704,"$26,330.20","$4,418.50"
14/09/2020,NexGard,532,28655.032,"$18,651.43","$10,003.60"
14/09/2020,Sentinel,372,23102.768,"$17,817.08","$5,285.69"
14/09/2020,Milbemax,780,11704.096,"$9,483.12","$2,220.98"
14/09/2020,Simparica,223,9093.968,"$6,677.02","$2,416.95"
14/09/2020,Revolution Plus,190,8852.688,"$6,519.76","$2,332.93"
14/09/2020,Interceptor,195,8112.04,"$6,277.67","$1,834.37"
14/09/2020,Drontal,360,7751.64,"$6,035.26","$1,716.38"
14/09/2020,Comfortis Plus,101,7343.32,"$5,664.98","$1,678.34"
14/09/2020,The Big 5,105,6922.872,"$5,400.84","$1,522.03"
14/09/2020,Bravecto Plus,289,5653.32,"$4,212.90","$1,440.42"
14/09/2020,Advantage,103,4838.304,"$3,837.39","$1,000.91"
14/09/2020,Frontline,108,4211.888,"$3,271.47",$940.42
14/09/2020,Seresto,118,3776.04,"$2,701.08","$1,074.96"
14/09/2020,Comfortis,84,3765.152,"$2,876.14",$889.02
14/09/2020,Advantix,81,3711.32,"$2,961.16",$750.16
14/09/2020,Heartgard,93,2858.296,"$2,473.93",$384.37
14/09/2020,Paragard,148,2150.272,"$1,600.66",$549.61
14/09/2020,Profender,101,1659.144,"$1,034.49",$624.65
14/09/2020,Ranvet,18,1627.664,"$1,383.14",$244.53
14/09/2020,Aristopet,144,1473.616,"$1,133.07",$340.55
14/09/2020,Activyl,26,1238.184,"$1,078.74",$159.45
14/09/2020,Cazitel,41,764.688,$480.85,$283.83
14/09/2020,Valuheart,83,722.384,$614.12,$108.27
14/09/2020,Endogard,51,718.824,$527.11,$191.71
14/09/2020,Fidos,23,664.704,$388.85,$275.85
14/09/2020,kiltix,36,439.592,$312.43,$127.17
14/09/2020,Capstar,23,436.288,$293.74,$142.55
14/09/2020,Omega Magic,20,285.512,$216.92,$68.59
14/09/2020,Milpro,15,258,$357.13,-$99.13
14/09/2020,Nuheart,14,190.632,$150.02,$40.62
14/09/2020,Troy,12,122.008,$52.63,$69.38
14/09/2020,Tick Twister,16,104.728,$89.08,$15.65
14/09/2020,Canimax,4,91.52,$65.55,$25.97
14/09/2020,Musca Ban,2,52.336,$33.15,$19.19
14/09/2020,Amazonia,3,40.36,$24.86,$15.50
21/09/2020,Nexgard Spectra,4287,272834.088,"$171,596.46","$101,237.63"
21/09/2020,Advocate,1294,75935,"$61,664.38","$14,270.62"
21/09/2020,Bravecto,1210,65174.52,"$48,598.39","$16,576.13"
21/09/2020,Revolution,701,30343.624,"$26,329.55","$4,014.08"
21/09/2020,Sentinel,446,28100.512,"$23,301.66","$4,798.85"
21/09/2020,NexGard,506,27063.312,"$17,800.47","$9,262.84"
21/09/2020,Milbemax,880,12323.96,"$10,546.05","$1,777.91"
21/09/2020,Simparica,240,9969.592,"$7,291.79","$2,677.80"
21/09/2020,Interceptor,227,9225.872,"$7,137.91","$2,087.96"
21/09/2020,Comfortis Plus,124,8927.864,"$6,917.97","$2,009.89"
21/09/2020,Drontal,369,8303.488,"$6,485.36","$1,818.13"
21/09/2020,Revolution Plus,172,8017.72,"$5,983.80","$2,033.92"
21/09/2020,The Big 5,114,7483.536,"$5,890.52","$1,593.02"
21/09/2020,Frontline,139,5616,"$4,381.88","$1,234.12"
21/09/2020,Advantage,126,5589.12,"$4,431.42","$1,157.70"
21/09/2020,Seresto,153,4929.328,"$3,502.25","$1,427.08"
21/09/2020,Advantix,79,3659.24,"$2,910.53",$748.71
21/09/2020,Comfortis,60,2820.92,"$2,207.54",$613.39
21/09/2020,Heartgard,87,2614.44,"$2,240.79",$373.65
21/09/2020,Paragard,146,2140.744,"$1,575.31",$565.43
21/09/2020,Bravecto Plus,104,1964.592,"$1,516.06",$448.53
21/09/2020,Ranvet,16,1567.648,"$1,332.31",$235.34
21/09/2020,Aristopet,140,1436.608,"$1,099.87",$336.73
21/09/2020,Profender,73,1218.024,$747.70,$470.32
21/09/2020,Endogard,71,991.72,$741.23,$250.49
21/09/2020,Cazitel,47,877.56,$551.92,$325.64
21/09/2020,Activyl,17,778.112,$680.00,$98.11
21/09/2020,Fidos,24,710.912,$428.71,$282.21
21/09/2020,Valuheart,66,580.016,$493.11,$86.91
21/09/2020,kiltix,41,503.56,$355.82,$147.74
21/09/2020,Milpro,26,501.424,$713.46,-$212.03
21/09/2020,Capstar,21,393.632,$267.39,$126.24
21/09/2020,Omega Magic,19,261.752,$206.07,$55.68
21/09/2020,Canimax,9,205.92,$150.98,$54.94
21/09/2020,Troy,18,183.016,$78.95,$104.07
21/09/2020,Nuheart,11,148.696,$111.28,$37.41
21/09/2020,Amazonia,8,107.64,$66.30,$41.34
21/09/2020,Tick Twister,8,52.36,$44.54,$7.82
21/09/2020,Musca Ban,2,23.24,$16.15,$7.09
28/09/2020,Nexgard Spectra,3414,223355.856,"$141,151.43","$82,204.42"
28/09/2020,Advocate,1106,62541.688,"$50,842.12","$11,699.57"
28/09/2020,Bravecto,1007,53937.128,"$39,277.60","$14,659.53"
28/09/2020,Revolution,557,25212.96,"$21,480.24","$3,732.72"
28/09/2020,NexGard,424,22597.688,"$15,802.62","$6,795.07"
28/09/2020,Sentinel,347,21347.792,"$17,951.04","$3,396.75"
28/09/2020,Drontal,386,8354.272,"$6,704.85","$1,649.42"
28/09/2020,Revolution Plus,164,7895.632,"$5,803.95","$2,091.68"
28/09/2020,Comfortis Plus,100,6975.208,"$5,401.73","$1,573.48"
28/09/2020,Simparica,169,6890.68,"$4,997.91","$1,892.77"
28/09/2020,Interceptor,168,6853.824,"$5,292.21","$1,561.61"
28/09/2020,Milbemax,467,6200.736,"$4,905.54","$1,295.20"
28/09/2020,Frontline,118,5388.288,"$4,202.24","$1,186.05"
28/09/2020,The Big 5,78,5348.672,"$4,118.30","$1,230.37"
28/09/2020,Bravecto Plus,198,5117.52,"$3,501.36","$1,616.16"
28/09/2020,Advantage,92,4177.488,"$3,348.00",$829.49
28/09/2020,Comfortis,80,3683.376,"$2,861.59",$821.78
28/09/2020,Seresto,92,2961.216,"$2,105.93",$855.29
28/09/2020,Heartgard,88,2758.512,"$2,310.06",$448.45
28/09/2020,Advantix,62,2645.624,"$2,196.49",$449.14
28/09/2020,Ranvet,22,2013.88,"$1,711.50",$302.38
28/09/2020,Paragard,128,1968.376,"$1,374.99",$593.39
28/09/2020,Aristopet,141,1367.56,"$1,046.84",$320.72
28/09/2020,Cazitel,43,828.536,$523.67,$304.87
28/09/2020,Profender,49,785.48,$501.88,$283.60
28/09/2020,Endogard,52,716.192,$560.63,$155.56
28/09/2020,Activyl,12,562.328,$492.45,$69.88
28/09/2020,Valuheart,62,547.928,$465.86,$82.07
28/09/2020,Fidos,16,447.56,$265.85,$181.71
28/09/2020,Capstar,24,433.4,$287.03,$146.37
28/09/2020,Omega Magic,30,424.144,$325.38,$98.76
28/09/2020,Milpro,5,393.984,$265.40,$128.59
28/09/2020,kiltix,29,369.824,$251.68,$118.15
28/09/2020,Nuheart,20,289.152,$219.65,$69.50
28/09/2020,Troy,23,233.848,$107.41,$126.44
28/09/2020,Canimax,5,113.064,$85.43,$27.64
28/09/2020,Amazonia,8,107.64,$66.30,$41.34
28/09/2020,Tick Twister,13,85.088,$72.38,$12.71
5/10/2020,Nexgard Spectra,3599,240854.584,"$153,435.88","$87,418.70"
5/10/2020,Advocate,1216,72462.32,"$60,309.19","$12,153.13"
5/10/2020,Bravecto,988,53262.088,"$38,595.49","$14,666.60"
5/10/2020,Revolution,540,24803.032,"$20,956.89","$3,846.14"
5/10/2020,NexGard,454,24258.112,"$19,846.13","$4,411.98"
5/10/2020,Sentinel,269,18007.952,"$14,409.12","$3,598.84"
5/10/2020,Drontal,517,10382.136,"$8,209.90","$2,172.23"
5/10/2020,Milbemax,554,8757.216,"$6,721.20","$2,036.02"
5/10/2020,Revolution Plus,161,7405.76,"$5,415.35","$1,990.41"
5/10/2020,The Big 5,112,7171.552,"$5,252.06","$1,919.50"
5/10/2020,Simparica,167,6953.624,"$4,975.16","$1,978.46"
5/10/2020,Interceptor,172,6751.768,"$5,209.85","$1,541.91"
5/10/2020,Bravecto Plus,232,6431.64,"$4,353.15","$2,078.49"
5/10/2020,Comfortis Plus,91,6307.128,"$4,882.26","$1,424.86"
5/10/2020,Frontline,123,4882.304,"$3,802.55","$1,079.75"
5/10/2020,Advantage,103,4774.12,"$3,848.61",$925.51
5/10/2020,Comfortis,90,4299.752,"$3,241.15","$1,058.60"
5/10/2020,Seresto,121,3859.16,"$2,769.75","$1,089.41"
5/10/2020,Advantix,68,2917.208,"$2,432.24",$484.97
5/10/2020,Heartgard,78,2454.656,"$2,043.25",$411.41
5/10/2020,Paragard,112,1747.232,"$1,225.25",$521.98
5/10/2020,Profender,104,1663.424,"$1,065.22",$598.20
5/10/2020,Aristopet,125,1246.384,$954.64,$291.74
5/10/2020,Ranvet,12,1179.4,"$1,002.35",$177.05
5/10/2020,Activyl,20,944.144,$826.92,$117.22
5/10/2020,Valuheart,99,853.88,$725.83,$128.05
5/10/2020,Endogard,53,731.016,$578.88,$152.14
5/10/2020,Cazitel,40,726.208,$454.67,$271.54
5/10/2020,Fidos,15,529.92,$315.51,$214.41
5/10/2020,kiltix,31,390.368,$269.03,$121.33
5/10/2020,Omega Magic,24,342.064,$260.30,$81.76
5/10/2020,Capstar,18,331.744,$221.24,$110.51
5/10/2020,Milpro,19,321.8,$229.67,$92.13
5/10/2020,Nuheart,18,276.016,$210.27,$65.74
5/10/2020,Troy,20,166.76,$98.60,$68.16
5/10/2020,Amazonia,10,134.544,$82.88,$51.67
5/10/2020,Tick Twister,16,104.728,$89.08,$15.65
5/10/2020,Musca Ban,3,63.96,$41.23,$22.74
5/10/2020,Canimax,2,45.76,$36.26,$9.50
12/10/2020,Nexgard Spectra,4273,285018.392,"$183,571.62","$101,446.77"
12/10/2020,Advocate,1342,81417.784,"$68,013.38","$13,404.41"
12/10/2020,Bravecto,1241,65606.8,"$49,223.60","$16,383.20"
12/10/2020,Revolution,694,31525.592,"$27,466.45","$4,059.14"
12/10/2020,Sentinel,501,31225.984,"$26,496.91","$4,729.08"
12/10/2020,NexGard,494,26586.592,"$21,809.59","$4,777.00"
12/10/2020,Milbemax,658,10596.544,"$7,599.49","$2,997.05"
12/10/2020,Drontal,444,9431.232,"$7,229.94","$2,201.29"
12/10/2020,The Big 5,147,8718.2,"$6,348.81","$2,369.39"
12/10/2020,Interceptor,220,8431.568,"$6,474.07","$1,957.50"
12/10/2020,Simparica,187,8395.96,"$5,940.06","$2,455.91"
12/10/2020,Revolution Plus,177,8192.2,"$5,992.87","$2,199.33"
12/10/2020,Comfortis Plus,92,6817.16,"$5,169.15","$1,648.01"
12/10/2020,Frontline,160,6380.736,"$4,965.46","$1,415.27"
12/10/2020,Advantage,134,6069.464,"$4,940.75","$1,128.71"
12/10/2020,Seresto,121,3879.816,"$2,769.75","$1,110.07"
12/10/2020,Advantix,86,3770.632,"$3,107.66",$662.97
12/10/2020,Comfortis,74,3415.12,"$2,607.63",$807.49
12/10/2020,Bravecto Plus,122,3141.464,"$2,277.87",$863.59
12/10/2020,Heartgard,88,2829.64,"$2,353.14",$476.50
12/10/2020,Paragard,176,2788.112,"$1,921.48",$866.64
12/10/2020,Profender,124,1969.696,"$1,270.07",$699.63
12/10/2020,Ranvet,20,1711.24,"$1,454.21",$257.03
12/10/2020,Aristopet,152,1474.616,"$1,132.25",$342.37
12/10/2020,Endogard,83,1183.456,$927.11,$256.34
12/10/2020,Valuheart,88,785.864,$668.05,$117.82
12/10/2020,Cazitel,42,785.688,$494.29,$291.40
12/10/2020,Activyl,17,775.928,$679.62,$96.31
12/10/2020,kiltix,55,703.8,$477.32,$226.48
12/10/2020,Omega Magic,43,606.568,$466.38,$140.19
12/10/2020,Fidos,25,555.168,$334.03,$221.14
12/10/2020,Capstar,17,319.76,$214.69,$105.07
12/10/2020,Troy,30,250.144,$147.90,$102.24
12/10/2020,Nuheart,15,194.784,$147.96,$46.82
12/10/2020,Milpro,16,189.256,$135.75,$53.50
12/10/2020,Evicto,4,139.064,$86.22,$52.85
12/10/2020,Canimax,4,90.184,$72.52,$17.66
12/10/2020,Tick Twister,13,85.088,$72.38,$12.71
12/10/2020,Amazonia,4,53.816,$33.15,$20.67
12/10/2020,Musca Ban,2,37.792,$24.65,$13.14
19/10/2020,Nexgard Spectra,3520,226750.912,"$146,163.59","$80,587.32"
19/10/2020,Bravecto,1329,64609.952,"$58,736.45","$5,873.51"
19/10/2020,Advocate,1108,64213.424,"$51,933.59","$12,279.84"
19/10/2020,NexGard,494,25397.344,"$21,884.36","$3,512.99"
19/10/2020,Revolution,462,22534.536,"$19,184.22","$3,350.32"
19/10/2020,Sentinel,317,19779.728,"$16,673.70","$3,106.03"
19/10/2020,Milbemax,579,9936.2,"$6,762.55","$3,173.65"
19/10/2020,Revolution Plus,199,9393.56,"$6,963.75","$2,429.81"
19/10/2020,Interceptor,205,8165,"$6,317.00","$1,848.00"
19/10/2020,Drontal,370,7740.28,"$5,925.16","$1,815.12"
19/10/2020,The Big 5,119,7447.136,"$5,427.20","$2,019.94"
19/10/2020,Bravecto Plus,319,7089.112,"$5,641.49","$1,447.62"
19/10/2020,Simparica,157,6553.56,"$4,583.77","$1,969.79"
19/10/2020,Comfortis Plus,82,5903.72,"$4,501.02","$1,402.70"
19/10/2020,Frontline,145,5734.744,"$4,530.64","$1,204.10"
19/10/2020,Advantix,105,4801.528,"$3,926.82",$874.71
19/10/2020,Advantage,101,4482.656,"$3,681.84",$800.81
19/10/2020,Seresto,130,3990.84,"$2,975.77","$1,015.08"
19/10/2020,Comfortis,77,3471.512,"$2,673.00",$798.52
19/10/2020,Heartgard,81,2536.976,"$2,130.35",$406.63
19/10/2020,Paragard,144,2219.864,"$1,542.19",$677.68
19/10/2020,Profender,100,1584.52,"$1,024.25",$560.27
19/10/2020,Ranvet,16,1314.008,"$1,116.59",$197.42
19/10/2020,Aristopet,123,1227.984,$947.92,$280.06
19/10/2020,Cazitel,47,888.032,$561.48,$326.55
19/10/2020,Endogard,53,752.144,$558.47,$193.68
19/10/2020,Milpro,29,712.12,$493.46,$218.66
19/10/2020,Activyl,15,689.6,$603.93,$85.68
19/10/2020,Evicto,18,514.312,$369.92,$144.39
19/10/2020,Capstar,26,485.176,$326.64,$158.54
19/10/2020,Fidos,18,415.032,$256.05,$158.98
19/10/2020,Valuheart,43,379.256,$322.39,$56.87
19/10/2020,kiltix,26,332.68,$225.64,$107.04
19/10/2020,Troy,21,213.512,$103.53,$109.98
19/10/2020,Omega Magic,11,165.144,$119.31,$45.84
19/10/2020,Nuheart,7,98.248,$74.00,$24.25
19/10/2020,Tick Twister,14,91.64,$77.95,$13.70
19/10/2020,Canimax,4,91.52,$72.52,$19.00
19/10/2020,Amazonia,6,80.728,$49.73,$31.00
26/10/2020,Nexgard Spectra,2993,192273.736,"$123,820.57","$68,453.17"
26/10/2020,Advocate,993,58659.312,"$47,446.62","$11,212.69"
26/10/2020,Bravecto,1076,53769.104,"$44,882.33","$8,886.78"
26/10/2020,Revolution,400,20860.992,"$16,592.18","$4,268.81"
26/10/2020,NexGard,362,19154.536,"$16,112.06","$3,042.47"
26/10/2020,Sentinel,226,14976.928,"$11,884.36","$3,092.57"
26/10/2020,Milbemax,561,9399.24,"$6,403.35","$2,995.89"
26/10/2020,Revolution Plus,159,7460.32,"$5,479.65","$1,980.67"
26/10/2020,Simparica,155,7135.632,"$5,084.19","$2,051.44"
26/10/2020,Drontal,332,6945.96,"$5,242.70","$1,703.26"
26/10/2020,The Big 5,106,6415.96,"$4,677.57","$1,738.39"
26/10/2020,Interceptor,159,5895.592,"$4,556.76","$1,338.84"
26/10/2020,Comfortis Plus,67,4665.8,"$3,610.83","$1,054.97"
26/10/2020,Bravecto Plus,202,4547.472,"$3,629.80",$917.67
26/10/2020,Advantage,96,4104.048,"$3,357.80",$746.25
26/10/2020,Frontline,100,3971.68,"$3,104.18",$867.50
26/10/2020,Seresto,120,3803.128,"$2,746.86","$1,056.27"
26/10/2020,Advantix,71,3327.848,"$2,663.09",$664.76
26/10/2020,Comfortis,64,3000.864,"$2,313.75",$687.11
26/10/2020,Heartgard,92,2863.616,"$2,407.40",$456.22
26/10/2020,Paragard,151,2179.224,"$1,640.72",$538.50
26/10/2020,Profender,56,893.128,$573.58,$319.55
26/10/2020,Aristopet,84,842.728,$647.30,$195.43
26/10/2020,Activyl,18,832.512,$727.73,$104.78
26/10/2020,Cazitel,41,790.92,$499.98,$290.94
26/10/2020,Ranvet,11,730.936,$621.10,$109.84
26/10/2020,Valuheart,63,574.6,$488.55,$86.05
26/10/2020,Endogard,35,504.6,$380.69,$123.91
26/10/2020,Fidos,15,468.52,$278.17,$190.35
26/10/2020,Evicto,14,463.4,$298.72,$164.68
26/10/2020,Milpro,16,325.296,$206.70,$118.59
26/10/2020,Capstar,17,313.808,$209.39,$104.42
26/10/2020,Omega Magic,18,254.488,$195.23,$59.26
26/10/2020,kiltix,19,243.32,$164.89,$78.43
26/10/2020,Troy,20,203.344,$98.60,$104.74
26/10/2020,Nuheart,11,169.36,$129.22,$40.14
26/10/2020,Amazonia,5,67.272,$41.44,$25.83
26/10/2020,Canimax,2,45.76,$36.26,$9.50
26/10/2020,Tick Twister,6,39.272,$33.41,$5.87
2/11/2020,Nexgard Spectra,3232,201452.104,"$135,382.48","$66,069.63"
2/11/2020,Bravecto,1041,55541.912,"$42,918.30","$12,623.61"
2/11/2020,Advocate,914,54910.784,"$44,465.71","$10,445.07"
2/11/2020,NexGard,421,22052.856,"$18,074.60","$3,978.26"
2/11/2020,Revolution,424,21590.192,"$17,225.96","$4,364.23"
2/11/2020,Sentinel,303,18472.472,"$16,769.41","$1,703.06"
2/11/2020,Revolution Plus,186,8656.272,"$6,438.98","$2,217.29"
2/11/2020,Milbemax,487,8453.12,"$6,035.84","$2,417.28"
2/11/2020,Drontal,371,7765.368,"$6,047.38","$1,717.99"
2/11/2020,Interceptor,193,7413.536,"$6,194.69","$1,218.85"
2/11/2020,The Big 5,110,7051.48,"$5,548.68","$1,502.80"
2/11/2020,Comfortis Plus,114,6777.896,"$6,419.47",$358.42
2/11/2020,Simparica,143,6037.344,"$4,285.47","$1,751.87"
2/11/2020,Advantage,115,4701.2,"$4,139.93",$561.28
2/11/2020,Comfortis,96,4594.904,"$3,844.58",$750.33
2/11/2020,Bravecto Plus,182,4209.6,"$3,323.67",$885.93
2/11/2020,Frontline,109,4014.808,"$3,128.60",$886.20
2/11/2020,Advantix,70,3087.248,"$2,453.01",$634.24
2/11/2020,Simparica Trio,53,2900.368,"$2,463.38",$436.99
2/11/2020,Heartgard,80,2449.152,"$2,049.56",$399.59
2/11/2020,Seresto,68,2197.76,"$1,556.55",$641.21
2/11/2020,Paragard,132,1945.6,"$1,436.13",$509.47
2/11/2020,Profender,91,1505.24,$932.07,$573.17
2/11/2020,Aristopet,140,1377.96,"$1,056.32",$321.64
2/11/2020,Ranvet,14,1246.688,"$1,059.45",$187.24
2/11/2020,Endogard,66,954.12,$724.80,$229.33
2/11/2020,Cazitel,51,948.432,$596.11,$352.32
2/11/2020,Activyl,18,820.216,$718.38,$101.84
2/11/2020,Valuheart,87,772.8,$657.02,$115.78
2/11/2020,Fidos,22,764.256,$453.34,$310.92
2/11/2020,Milpro,30,754.84,$516.21,$238.63
2/11/2020,Evicto,19,601.664,$455.29,$146.37
2/11/2020,kiltix,29,370.992,$251.68,$119.32
2/11/2020,Omega Magic,25,341.08,$271.15,$69.93
2/11/2020,Capstar,14,262.984,$178.59,$84.40
2/11/2020,Troy,21,213.512,$103.53,$109.98
2/11/2020,Nuheart,10,140.512,$106.88,$33.63
2/11/2020,Tick Twister,10,65.456,$55.68,$9.78
2/11/2020,Musca Ban,3,63.96,$41.23,$22.74
2/11/2020,Amazonia,3,40.36,$24.86,$15.50
9/11/2020,Nexgard Spectra,4228,267555.368,"$272,189.75","-$4,634.39"
9/11/2020,Advocate,1205,70743.232,"$57,238.31","$13,504.92"
9/11/2020,Bravecto,1132,61550.032,"$48,067.48","$13,482.55"
9/11/2020,Revolution,723,33264.016,"$30,013.99","$3,250.02"
9/11/2020,Sentinel,561,31432.68,"$27,941.16","$3,491.52"
9/11/2020,NexGard,608,29334.248,"$28,146.65","$1,187.60"
9/11/2020,Drontal,500,9555.44,"$8,029.79","$1,525.65"
9/11/2020,Simparica,232,9358.176,"$7,401.43","$1,956.74"
9/11/2020,Revolution Plus,193,9274.296,"$7,001.06","$2,273.24"
9/11/2020,The Big 5,130,7948.144,"$6,907.57","$1,040.58"
9/11/2020,Milbemax,501,7655.376,"$5,499.00","$2,156.38"
9/11/2020,Interceptor,206,7157.464,"$6,478.65",$678.82
9/11/2020,Bravecto Plus,333,7089.472,"$5,670.65","$1,418.82"
9/11/2020,Comfortis Plus,108,6896.704,"$6,328.06",$568.64
9/11/2020,Advantage,149,6069.792,"$5,474.19",$595.61
9/11/2020,Simparica Trio,96,5393.2,"$4,451.68",$941.52
9/11/2020,Frontline,133,5022.16,"$3,970.95","$1,051.22"
9/11/2020,Advantix,125,4592.616,"$4,147.71",$444.91
9/11/2020,Heartgard,148,4028.064,"$3,874.41",$153.65
9/11/2020,Comfortis,84,3972.864,"$3,398.59",$574.28
9/11/2020,Seresto,132,3961.904,"$3,021.55",$940.36
9/11/2020,Paragard,187,2376.384,"$2,058.97",$317.41
9/11/2020,Profender,124,1967.464,"$1,270.07",$697.39
9/11/2020,Aristopet,153,1477.632,"$1,129.08",$348.55
9/11/2020,Milpro,54,1236.648,$844.21,$392.44
9/11/2020,Activyl,24,1103.928,$962.58,$141.35
9/11/2020,Endogard,77,1100.6,$840.33,$260.27
9/11/2020,Fidos,46,1085.656,$643.69,$441.97
9/11/2020,Ranvet,9,776.056,$659.53,$116.52
9/11/2020,Valuheart,85,748.512,$636.33,$112.19
9/11/2020,Cazitel,34,663.856,$418.66,$245.20
9/11/2020,kiltix,44,456.552,$381.85,$74.70
9/11/2020,Evicto,15,397.208,$283.87,$113.34
9/11/2020,Capstar,19,349.68,$244.24,$105.44
9/11/2020,Omega Magic,23,312.808,$238.88,$73.93
9/11/2020,Nuheart,13,180.528,$137.41,$43.12
9/11/2020,Troy,18,176.44,$88.74,$87.70
9/11/2020,Amazonia,8,107.64,$66.30,$41.34
9/11/2020,Canimax,4,84.36,$72.52,$11.84
9/11/2020,Musca Ban,5,83.96,$74.38,$9.59
9/11/2020,Tick Twister,10,65.456,$55.68,$9.78
16/11/2020,Nexgard Spectra,3472,216030.576,"$216,545.86",-$515.28
16/11/2020,Advocate,1056,60972.24,"$49,184.85","$11,787.39"
16/11/2020,Bravecto,1049,57200.2,"$44,303.64","$12,896.56"
16/11/2020,Revolution,553,25267.008,"$21,785.99","$3,481.02"
16/11/2020,NexGard,433,23018.68,"$19,912.98","$3,105.70"
16/11/2020,Sentinel,368,21470.68,"$20,939.20",$531.48
16/11/2020,Revolution Plus,187,8376.456,"$6,249.18","$2,127.27"
16/11/2020,Drontal,424,8364.728,"$6,536.39","$1,828.34"
16/11/2020,The Big 5,123,7247.104,"$6,308.64",$938.46
16/11/2020,Bravecto Plus,337,7050.92,"$5,641.49","$1,409.43"
16/11/2020,Comfortis Plus,83,6752.696,"$5,191.68","$1,561.02"
16/11/2020,Simparica,153,6667.52,"$4,670.31","$1,997.21"
16/11/2020,Frontline,150,5788.584,"$4,557.52","$1,231.06"
16/11/2020,Advantage,122,5577.08,"$4,509.30","$1,067.78"
16/11/2020,Simparica Trio,95,4970.96,"$4,026.96",$944.00
16/11/2020,Interceptor,157,4781.56,"$4,283.41",$498.16
16/11/2020,Seresto,157,4319.208,"$3,593.81",$725.40
16/11/2020,Advantix,92,4170.04,"$3,359.15",$810.89
16/11/2020,Milbemax,318,4092.88,"$2,994.47","$1,098.42"
16/11/2020,Comfortis,74,3699.36,"$2,934.01",$765.35
16/11/2020,Heartgard,98,2991.608,"$2,550.49",$441.12
16/11/2020,Paragard,147,2126.056,"$1,610.30",$515.76
16/11/2020,Profender,88,1440.792,$901.34,$539.45
16/11/2020,Aristopet,131,1311.944,"$1,004.45",$307.50
16/11/2020,Milpro,43,1171.336,$811.99,$359.35
16/11/2020,Cazitel,51,982.344,$605.68,$376.67
16/11/2020,Activyl,21,979.416,$856.46,$122.96
16/11/2020,Omega Magic,62,868.32,$628.71,$239.61
16/11/2020,Endogard,58,853.832,$631.05,$222.78
16/11/2020,Ranvet,10,814.92,$692.52,$122.40
16/11/2020,Capstar,40,738.2,$515.53,$222.68
16/11/2020,Valuheart,69,609.776,$518.36,$91.41
16/11/2020,Fidos,16,337.792,$203.45,$134.34
16/11/2020,kiltix,19,236.192,$164.89,$71.30
16/11/2020,Troy,15,174.328,$73.95,$100.38
16/11/2020,Evicto,6,167.328,$141.34,$25.99
16/11/2020,Nuheart,8,111.224,$85.74,$25.48
16/11/2020,Amazonia,7,94.184,$58.01,$36.17
16/11/2020,Musca Ban,4,78.488,$49.30,$29.19
16/11/2020,Tick Twister,10,71.928,$55.68,$16.25
16/11/2020,Canimax,1,21.088,$18.13,$2.96
23/11/2020,Nexgard Spectra,5180,323739.752,"$324,517.16",-$777.40
23/11/2020,Advocate,1762,108714.52,"$91,899.52","$16,815.00"
23/11/2020,Bravecto,1661,92516.696,"$73,054.37","$19,462.32"
23/11/2020,Sentinel,651,42912.704,"$42,033.59",$879.12
23/11/2020,NexGard,806,40858.208,"$39,183.45","$1,674.76"
23/11/2020,Revolution,776,39139.576,"$32,344.23","$6,795.34"
23/11/2020,Simparica Trio,272,13744.328,"$11,325.14","$2,419.19"
23/11/2020,Drontal,661,12617.464,"$10,118.09","$2,499.37"
23/11/2020,Revolution Plus,245,11628.464,"$8,747.74","$2,880.72"
23/11/2020,Bravecto Plus,455,10332.008,"$8,119.67","$2,212.34"
23/11/2020,Simparica,214,9348.056,"$6,720.53","$2,627.52"
23/11/2020,Milbemax,779,9141.704,"$7,704.56","$1,437.14"
23/11/2020,Interceptor,285,8839.936,"$8,251.89",$588.04
23/11/2020,The Big 5,138,8606.12,"$7,122.41","$1,483.71"
23/11/2020,Seresto,302,8292.936,"$6,912.93","$1,380.01"
23/11/2020,Comfortis Plus,92,7607.176,"$5,665.52","$1,941.65"
23/11/2020,Advantage,183,7594.664,"$6,348.05","$1,246.62"
23/11/2020,Frontline,180,7284.728,"$5,688.63","$1,596.09"
23/11/2020,Comfortis,133,6366.04,"$5,607.99",$758.05
23/11/2020,Advantix,114,4983.96,"$3,970.44","$1,013.53"
23/11/2020,Heartgard,161,4319.72,"$4,188.31",$131.41
23/11/2020,Paragard,248,3054.896,"$2,677.78",$377.12
23/11/2020,Profender,149,2277.28,"$1,526.13",$751.15
23/11/2020,Aristopet,180,1707.648,"$1,349.09",$358.55
23/11/2020,Endogard,107,1602.224,"$1,191.33",$410.89
23/11/2020,Ranvet,16,1562.04,"$1,327.46",$234.58
23/11/2020,Activyl,32,1464.584,"$1,282.65",$181.93
23/11/2020,Cazitel,78,1462.44,$907.95,$554.49
23/11/2020,Capstar,90,1374.208,"$1,172.15",$202.06
23/11/2020,Milpro,42,869.792,$594.03,$275.76
23/11/2020,Valuheart,98,868.04,$737.96,$130.08
23/11/2020,kiltix,69,823.608,$598.82,$224.79
23/11/2020,Omega Magic,37,529.984,$375.20,$154.79
23/11/2020,Fidos,16,364.592,$220.84,$143.75
23/11/2020,Troy,20,232.44,$98.60,$133.84
23/11/2020,Nuheart,13,184.184,$138.61,$45.57
23/11/2020,Canimax,8,168.728,$145.04,$23.68
23/11/2020,Tick Twister,21,137.456,$116.92,$20.54
23/11/2020,Evicto,4,108.4,$164.07,-$55.67
23/11/2020,Amazonia,4,53.816,$33.15,$20.67
23/11/2020,Musca Ban,2,24.696,$16.15,$8.55
30/11/2020,Nexgard Spectra,3327,212818.76,"$208,732.86","$4,085.90"
30/11/2020,Bravecto,1437,75359.64,"$62,054.07","$13,305.57"
30/11/2020,Advocate,1265,74545.552,"$62,658.35","$11,887.20"
30/11/2020,Revolution,629,29955.104,"$24,991.53","$4,963.57"
30/11/2020,Sentinel,446,28348.152,"$27,741.99",$606.16
30/11/2020,NexGard,443,22701.304,"$21,218.73","$1,482.58"
30/11/2020,Revolution Plus,210,9458.832,"$7,218.51","$2,240.33"
30/11/2020,Drontal,502,9311.296,"$7,523.23","$1,788.07"
30/11/2020,Comfortis Plus,101,9055.144,"$7,346.41","$1,708.74"
30/11/2020,Simparica Trio,139,7593.592,"$6,248.43","$1,345.17"
30/11/2020,Simparica,148,6510.672,"$4,494.32","$2,016.36"
30/11/2020,Interceptor,207,6108.12,"$5,660.07",$448.06
30/11/2020,Bravecto Plus,230,5986.304,"$4,650.22","$1,336.08"
30/11/2020,Advantage,139,5854.568,"$5,054.78",$799.79
30/11/2020,The Big 5,91,5682.44,"$4,623.32","$1,059.12"
30/11/2020,Frontline,137,5249.656,"$4,099.55","$1,150.11"
30/11/2020,Advantix,123,5125.24,"$4,531.02",$594.22
30/11/2020,Comfortis,117,5011.744,"$4,637.94",$373.80
30/11/2020,Seresto,160,4392.296,"$3,662.48",$729.82
30/11/2020,Milbemax,349,4363.952,"$3,517.21",$846.75
30/11/2020,Heartgard,98,2612.096,"$2,547.85",$64.25
30/11/2020,Paragard,162,2142.648,"$1,770.95",$371.70
30/11/2020,Ranvet,18,1465.688,"$1,245.46",$220.23
30/11/2020,Profender,96,1417.576,$983.28,$434.30
30/11/2020,Cazitel,65,1237.464,$768.32,$469.15
30/11/2020,Endogard,78,1159.24,$856.51,$302.73
30/11/2020,Aristopet,115,1127.92,$886.18,$241.74
30/11/2020,Activyl,23,1064,$931.90,$132.10
30/11/2020,Capstar,51,782.472,$659.40,$123.08
30/11/2020,Fidos,21,610.424,$365.91,$244.52
30/11/2020,Milpro,34,580.344,$384.45,$195.90
30/11/2020,Valuheart,64,572.568,$486.77,$85.80
30/11/2020,Evicto,16,545.352,$643.08,-$97.73
30/11/2020,Omega Magic,22,324.784,$223.09,$101.69
30/11/2020,kiltix,24,291.024,$208.28,$82.74
30/11/2020,Musca Ban,6,132.28,$82.45,$49.83
30/11/2020,Nuheart,8,110.56,$83.39,$27.17
30/11/2020,Canimax,5,105.456,$90.65,$14.80
30/11/2020,Amazonia,7,94.184,$58.01,$36.17
30/11/2020,Tick Twister,13,85.088,$72.38,$12.71
30/11/2020,Troy,5,58.112,$24.65,$33.46
7/12/2020,Nexgard Spectra,2583,168168.896,"$157,111.82","$11,057.07"
7/12/2020,Advocate,901,51355.32,"$41,760.89","$9,594.43"
7/12/2020,Bravecto,987,51101.4,"$39,517.25","$11,584.15"
7/12/2020,Revolution,452,21973.296,"$17,804.72","$4,168.58"
7/12/2020,NexGard,396,21568.488,"$18,154.29","$3,414.20"
7/12/2020,Sentinel,300,18232.288,"$17,931.12",$301.16
7/12/2020,Revolution Plus,179,8025.832,"$6,164.97","$1,860.87"
7/12/2020,Drontal,395,7516.84,"$5,957.20","$1,559.64"
7/12/2020,Simparica Trio,134,7503.384,"$6,055.13","$1,448.26"
7/12/2020,Milbemax,479,7498.328,"$6,027.57","$1,470.76"
7/12/2020,Simparica,159,7001.952,"$4,720.18","$2,281.77"
7/12/2020,Interceptor,174,6775.624,"$5,677.71","$1,097.91"
7/12/2020,Advantage,144,6457.16,"$5,549.18",$907.98
7/12/2020,Comfortis Plus,64,5470.976,"$4,293.04","$1,177.93"
7/12/2020,The Big 5,80,5343.4,"$4,320.58","$1,022.82"
7/12/2020,Bravecto Plus,151,4036.752,"$3,148.74",$888.01
7/12/2020,Advantix,102,4015.16,"$3,657.41",$357.75
7/12/2020,Frontline,97,3685.168,"$2,881.56",$803.61
7/12/2020,Comfortis,86,3609.88,"$3,359.89",$249.99
7/12/2020,Seresto,107,3118.864,"$2,449.28",$669.58
7/12/2020,Heartgard,77,2307.536,"$2,031.93",$275.61
7/12/2020,Paragard,123,1742.68,"$1,329.72",$412.96
7/12/2020,Activyl,23,1054.112,$923.23,$130.88
7/12/2020,Cazitel,54,1047.728,$647.79,$399.93
7/12/2020,Endogard,72,990.264,$801.40,$188.87
7/12/2020,Aristopet,96,925.528,$708.65,$216.87
7/12/2020,Profender,52,834.272,$532.61,$301.66
7/12/2020,Milpro,30,764.872,$505.47,$259.40
7/12/2020,Ranvet,8,637.64,$541.88,$95.76
7/12/2020,Valuheart,71,622.896,$529.52,$93.37
7/12/2020,Capstar,32,575.048,$409.29,$165.76
7/12/2020,Evicto,12,437.648,$331.06,$106.59
7/12/2020,Fidos,20,429.792,$261.09,$168.71
7/12/2020,Omega Magic,22,305.544,$223.09,$82.45
7/12/2020,kiltix,23,291.984,$199.61,$92.38
7/12/2020,Nuheart,18,250.792,$189.11,$61.68
7/12/2020,Tick Twister,28,183.272,$155.89,$27.38
7/12/2020,Musca Ban,4,107.576,$66.30,$41.28
7/12/2020,Troy,5,58.112,$24.65,$33.46
7/12/2020,Canimax,2,42.184,$36.26,$5.92
7/12/2020,Amazonia,3,40.36,$24.86,$15.50
14/12/2020,Nexgard Spectra,2347,155263.216,"$142,892.51","$12,370.70"
14/12/2020,Bravecto,954,51928.88,"$39,339.00","$12,589.88"
14/12/2020,Advocate,831,45909.928,"$37,069.46","$8,840.47"
14/12/2020,NexGard,327,18343.592,"$14,949.06","$3,394.53"
14/12/2020,Sentinel,285,17059.512,"$16,664.69",$394.82
14/12/2020,Revolution,347,15867.64,"$13,583.87","$2,283.77"
14/12/2020,Milbemax,625,9625.472,"$7,831.87","$1,793.61"
14/12/2020,Revolution Plus,183,8213.184,"$6,524.20","$1,688.98"
14/12/2020,Drontal,345,7282.288,"$5,753.30","$1,528.99"
14/12/2020,Simparica,170,6651.248,"$4,991.85","$1,659.40"
14/12/2020,Interceptor,152,6447.96,"$5,095.67","$1,352.30"
14/12/2020,The Big 5,71,4800.936,"$3,874.33",$926.60
14/12/2020,Bravecto Plus,168,4658.848,"$3,615.22","$1,043.63"
14/12/2020,Advantage,102,4538.296,"$3,645.01",$893.28
14/12/2020,Simparica Trio,87,4386.44,"$3,394.30",$992.14
14/12/2020,Comfortis Plus,46,3938.68,"$3,104.12",$834.56
14/12/2020,Frontline,91,3529.904,"$2,729.53",$800.38
14/12/2020,Advantix,70,2839.976,"$2,376.56",$463.42
14/12/2020,Comfortis,67,2699.552,"$2,507.82",$191.73
14/12/2020,Seresto,81,2617.92,"$1,854.13",$763.79
14/12/2020,Heartgard,65,2046.008,"$1,711.47",$334.54
14/12/2020,Paragard,113,1678.856,"$1,210.64",$468.22
14/12/2020,Ranvet,11,1207.36,"$1,026.09",$181.27
14/12/2020,Profender,58,957.248,$594.07,$363.18
14/12/2020,Fidos,27,898.504,$536.00,$362.50
14/12/2020,Aristopet,91,865.592,$663.03,$202.56
14/12/2020,Activyl,15,688.44,$602.91,$85.54
14/12/2020,Cazitel,32,604.408,$400.13,$204.28
14/12/2020,Endogard,49,580.76,$532.28,$48.48
14/12/2020,kiltix,40,511.712,$347.14,$164.57
14/12/2020,Evicto,13,424.216,$321.00,$103.21
14/12/2020,Milpro,17,305.824,$210.10,$95.72
14/12/2020,Capstar,15,277.944,$194.06,$83.89
14/12/2020,Omega Magic,18,268.232,$182.53,$85.70
14/12/2020,Valuheart,30,246.632,$209.58,$37.06
14/12/2020,Nuheart,11,162.92,$123.34,$39.58
14/12/2020,Tick Twister,16,104.728,$89.08,$15.65
14/12/2020,Troy,9,104.6,$44.37,$60.23
14/12/2020,Canimax,4,82.184,$72.52,$9.66
14/12/2020,Amazonia,1,13.456,$8.29,$5.17
21/12/2020,Nexgard Spectra,2129,141707.048,"$130,146.04","$11,561.01"
21/12/2020,Advocate,734,42026.208,"$33,820.12","$8,206.09"
21/12/2020,Bravecto,750,41156.864,"$31,152.16","$10,004.70"
21/12/2020,NexGard,308,17933.728,"$14,641.79","$3,291.94"
21/12/2020,Revolution,345,17603.064,"$15,110.08","$2,492.98"
21/12/2020,Sentinel,259,16213.784,"$15,809.94",$403.84
21/12/2020,Milbemax,500,8184.184,"$6,643.32","$1,540.86"
21/12/2020,Revolution Plus,148,6710.616,"$5,435.60","$1,275.02"
21/12/2020,Drontal,337,6559.328,"$5,167.15","$1,392.18"
21/12/2020,Simparica Trio,93,5874.6,"$4,584.69","$1,289.91"
21/12/2020,The Big 5,80,5527.416,"$4,454.37","$1,073.04"
21/12/2020,Comfortis Plus,56,5185.016,"$4,321.83",$863.18
21/12/2020,Interceptor,112,5115.008,"$4,009.28","$1,105.73"
21/12/2020,Advantix,107,5051.72,"$4,009.52","$1,042.20"
21/12/2020,Simparica,104,4770.296,"$3,569.17","$1,201.13"
21/12/2020,Bravecto Plus,137,4169.88,"$3,250.78",$919.10
21/12/2020,Advantage,77,3681.032,"$2,913.04",$767.99
21/12/2020,Frontline,87,3345.552,"$2,517.17",$828.38
21/12/2020,Seresto,83,2655.504,"$1,899.91",$755.59
21/12/2020,Comfortis,58,2294.096,"$2,111.77",$182.32
21/12/2020,Paragard,115,1709.024,"$1,261.87",$447.16
21/12/2020,Heartgard,46,1458.808,"$1,212.38",$246.43
21/12/2020,Ranvet,15,1238.72,"$1,052.62",$186.10
21/12/2020,Profender,69,1156.048,$706.73,$449.32
21/12/2020,Activyl,21,976.288,$855.02,$121.27
21/12/2020,Aristopet,77,748.568,$575.10,$173.47
21/12/2020,Milpro,36,665.416,$444.49,$220.93
21/12/2020,Cazitel,29,544.008,$377.40,$166.61
21/12/2020,Endogard,43,513.96,$468.89,$45.07
21/12/2020,kiltix,29,370.992,$251.68,$119.32
21/12/2020,Valuheart,40,357,$303.48,$53.52
21/12/2020,Capstar,18,349.592,$243.42,$106.17
21/12/2020,Evicto,8,279.44,$215.18,$64.26
21/12/2020,Omega Magic,16,223.464,$162.25,$61.22
21/12/2020,Fidos,4,168.992,$100.10,$68.90
21/12/2020,Nuheart,11,152.824,$116.27,$36.55
21/12/2020,Tick Twister,12,78.544,$66.81,$11.73
21/12/2020,Amazonia,3,40.36,$24.86,$15.50
21/12/2020,Canimax,2,40,$36.26,$3.74
21/12/2020,Troy,3,34.864,$14.79,$20.07
21/12/2020,Musca Ban,2,24.696,$16.15,$8.55
28/12/2020,Nexgard Spectra,1724,115384.288,"$106,128.69","$9,255.60"
28/12/2020,Bravecto,615,32422.84,"$24,171.82","$8,251.02"
28/12/2020,Advocate,524,29331.176,"$23,594.77","$5,736.41"
28/12/2020,Revolution,277,13105.688,"$11,407.02","$1,698.67"
28/12/2020,NexGard,254,12974.84,"$10,991.31","$1,983.53"
28/12/2020,Sentinel,167,10376.344,"$10,164.81",$211.53
28/12/2020,Milbemax,385,5782.776,"$4,697.58","$1,085.19"
28/12/2020,Drontal,229,4373.952,"$3,452.99",$920.96
28/12/2020,Simparica Trio,68,4159.16,"$3,292.82",$866.34
28/12/2020,Revolution Plus,96,4140.84,"$3,401.16",$739.68
28/12/2020,Simparica,97,3774.296,"$3,283.61",$490.69
28/12/2020,Comfortis Plus,44,3684.752,"$2,861.04",$823.71
28/12/2020,Interceptor,84,3652.912,"$2,853.14",$799.77
28/12/2020,Comfortis,72,3093.184,"$2,865.32",$227.87
28/12/2020,The Big 5,47,3040.384,"$2,446.44",$593.94
28/12/2020,Bravecto Plus,101,2993.6,"$2,332.40",$661.20
28/12/2020,Advantage,61,2858.144,"$2,286.03",$572.11
28/12/2020,Frontline,56,2282.984,"$1,782.15",$500.83
28/12/2020,Seresto,57,1796.504,"$1,304.76",$491.75
28/12/2020,Advantix,39,1765.52,"$1,403.35",$362.17
28/12/2020,Heartgard,36,982.792,$913.48,$69.31
28/12/2020,Paragard,70,953.408,$759.39,$194.02
28/12/2020,Aristopet,91,859,$660.70,$198.30
28/12/2020,Ranvet,9,766.048,$650.97,$115.08
28/12/2020,Profender,47,761.744,$481.40,$280.35
28/12/2020,Cazitel,35,643.944,$430.81,$213.13
28/12/2020,Fidos,17,579.816,$345.61,$234.21
28/12/2020,Milpro,14,492.712,$328.47,$164.25
28/12/2020,Activyl,10,479.64,$420.11,$59.53
28/12/2020,Endogard,27,320.4,$297.72,$22.68
28/12/2020,Valuheart,33,289.92,$246.50,$43.42
28/12/2020,Capstar,11,203.232,$141.92,$61.32
28/12/2020,Evicto,5,183.704,$133.11,$50.59
28/12/2020,kiltix,13,155.904,$112.82,$43.08
28/12/2020,Omega Magic,11,143.152,$111.55,$31.61
28/12/2020,Nuheart,5,70.488,$54.03,$16.46
28/12/2020,Tick Twister,10,65.456,$55.68,$9.78
28/12/2020,Troy,4,46.488,$19.72,$26.77
28/12/2020,Canimax,2,40,$36.26,$3.74
28/12/2020,Amazonia,1,13.456,$8.29,$5.17
28/12/2020,Musca Ban,1,12.352,$8.08,$4.28